"Step","rho-8 - reward","rho-8 - reward__MIN","rho-8 - reward__MAX","phi8 - reward","phi8 - reward__MIN","phi8 - reward__MAX","phirho8 - reward","phirho8 - reward__MIN","phirho8 - reward__MAX","phi10 - reward","phi10 - reward__MIN","phi10 - reward__MAX","EXPIL-phi8 - reward","EXPIL-phi8 - reward__MIN","EXPIL-phi8 - reward__MAX","Loot-phi1 - reward","Loot-phi1 - reward__MIN","Loot-phi1 - reward__MAX"
"2000","0.29","0.29","0.29","0.71","0.71","0.71","0.05","0.05","0.05","0.91","0.91","0.91","0.67","0.67","0.67","0.51","0.51","0.51"
"4000","0.72","0.72","0.72","0.55","0.55","0.55","1.42","1.42","1.42","0.44","0.44","0.44","1","1","1","0.09","0.09","0.09"
"6000","0.22","0.22","0.22","1.01","1.01","1.01","1.41","1.41","1.41","0.5","0.5","0.5","1.42","1.42","1.42","0.79","0.79","0.79"
"8000","0.02","0.02","0.02","2.06","2.06","2.06","1.07","1.07","1.07","2.07","2.07","2.07","1.38","1.38","1.38","0.32","0.32","0.32"
"10000","0.78","0.78","0.78","2.07","2.07","2.07","1.76","1.76","1.76","1.49","1.49","1.49","1","1","1","0.23","0.23","0.23"
"12000","0.59","0.59","0.59","2.75","2.75","2.75","1.3","1.3","1.3","1.45","1.45","1.45","2.01","2.01","2.01","0.65","0.65","0.65"
"14000","0.61","0.61","0.61","2.59","2.59","2.59","0.93","0.93","0.93","1.95","1.95","1.95","2.5","2.5","2.5","0.68","0.68","0.68"
"16000","1.02","1.02","1.02","2.28","2.28","2.28","1.03","1.03","1.03","0.95","0.95","0.95","2.3","2.3","2.3","-0.62","-0.62","-0.62"
"18000","0.09","0.09","0.09","3.77","3.77","3.77","1.8","1.8","1.8","2.05","2.05","2.05","2.2","2.2","2.2","-0.36","-0.36","-0.36"
"20000","0.46","0.46","0.46","3.37","3.37","3.37","1.06","1.06","1.06","1.81","1.81","1.81","2.58","2.58","2.58","0.34","0.34","0.34"
"22000","0.25","0.25","0.25","3.45","3.45","3.45","2.04","2.04","2.04","2.33","2.33","2.33","2.99","2.99","2.99","-0.22","-0.22","-0.22"
"24000","0.98","0.98","0.98","4.12","4.12","4.12","2.63","2.63","2.63","1.53","1.53","1.53","3.94","3.94","3.94","0.11","0.11","0.11"
"26000","0","0","0","3.82","3.82","3.82","1.71","1.71","1.71","2.18","2.18","2.18","4.2","4.2","4.2","0.13","0.13","0.13"
"28000","0.44","0.44","0.44","4.41","4.41","4.41","1.62","1.62","1.62","2.7","2.7","2.7","3.63","3.63","3.63","-0.5","-0.5","-0.5"
"30000","-0.22","-0.22","-0.22","4.54","4.54","4.54","1.95","1.95","1.95","2.42","2.42","2.42","3.83","3.83","3.83","0.11","0.11","0.11"
"32000","0","0","0","4.01","4.01","4.01","1.8","1.8","1.8","2.76","2.76","2.76","3.5","3.5","3.5","-0.02","-0.02","-0.02"
"34000","-0.62","-0.62","-0.62","4.08","4.08","4.08","0.71","0.71","0.71","2.72","2.72","2.72","4.04","4.04","4.04","-0.12","-0.12","-0.12"
"36000","-0.62","-0.62","-0.62","4.03","4.03","4.03","3.12","3.12","3.12","1.59","1.59","1.59","4.89","4.89","4.89","-0.25","-0.25","-0.25"
"38000","-0.37","-0.37","-0.37","4.48","4.48","4.48","3.02","3.02","3.02","3.33","3.33","3.33","3.54","3.54","3.54","0.13","0.13","0.13"
"40000","0.25","0.25","0.25","4.49","4.49","4.49","1.82","1.82","1.82","3.31","3.31","3.31","4.73","4.73","4.73","0.17","0.17","0.17"
"42000","-0.25","-0.25","-0.25","4.66","4.66","4.66","1.42","1.42","1.42","2.71","2.71","2.71","4.34","4.34","4.34","-0.25","-0.25","-0.25"
"44000","0.13","0.13","0.13","3.91","3.91","3.91","2.42","2.42","2.42","2.59","2.59","2.59","4.94","4.94","4.94","0.25","0.25","0.25"
"46000","0.23","0.23","0.23","4.21","4.21","4.21","1.84","1.84","1.84","3.37","3.37","3.37","4.26","4.26","4.26","0.13","0.13","0.13"
"48000","-0.24","-0.24","-0.24","4.25","4.25","4.25","2.3","2.3","2.3","2.83","2.83","2.83","3.33","3.33","3.33","0.38","0.38","0.38"
"50000","-0.48","-0.48","-0.48","4.18","4.18","4.18","2.38","2.38","2.38","2.9","2.9","2.9","3.78","3.78","3.78","-0.25","-0.25","-0.25"
"52000","-0.12","-0.12","-0.12","3.53","3.53","3.53","1.67","1.67","1.67","3.28","3.28","3.28","3.92","3.92","3.92","-0.37","-0.37","-0.37"
"54000","-0.12","-0.12","-0.12","4.04","4.04","4.04","2.08","2.08","2.08","3.55","3.55","3.55","4.66","4.66","4.66","0.11","0.11","0.11"
"56000","-0.37","-0.37","-0.37","4.14","4.14","4.14","1.8","1.8","1.8","3.61","3.61","3.61","3.84","3.84","3.84","0","0","0"
"58000","-0.37","-0.37","-0.37","3.58","3.58","3.58","2.99","2.99","2.99","2.69","2.69","2.69","4.23","4.23","4.23","-0.37","-0.37","-0.37"
"60000","0.11","0.11","0.11","4.62","4.62","4.62","2.96","2.96","2.96","3.7","3.7","3.7","3.98","3.98","3.98","0","0","0"
"62000","-0.25","-0.25","-0.25","5.25","5.25","5.25","3.43","3.43","3.43","4","4","4","4.14","4.14","4.14","-0.62","-0.62","-0.62"
"64000","-0.25","-0.25","-0.25","3.3","3.3","3.3","2.6","2.6","2.6","3.6","3.6","3.6","3.73","3.73","3.73","-0.25","-0.25","-0.25"
"66000","-0.12","-0.12","-0.12","5","5","5","2.58","2.58","2.58","3.72","3.72","3.72","3.49","3.49","3.49","0.24","0.24","0.24"
"68000","0","0","0","4.05","4.05","4.05","2.91","2.91","2.91","4.18","4.18","4.18","4.34","4.34","4.34","-0.12","-0.12","-0.12"
"70000","-0.12","-0.12","-0.12","4.86","4.86","4.86","3.03","3.03","3.03","3.3","3.3","3.3","5.25","5.25","5.25","0.54","0.54","0.54"
"72000","0","0","0","4.03","4.03","4.03","3.46","3.46","3.46","3.98","3.98","3.98","4.27","4.27","4.27","-0.25","-0.25","-0.25"
"74000","0.11","0.11","0.11","4.43","4.43","4.43","2.8","2.8","2.8","3.69","3.69","3.69","4.25","4.25","4.25","0.13","0.13","0.13"
"76000","-0.12","-0.12","-0.12","4.25","4.25","4.25","2.65","2.65","2.65","1.88","1.88","1.88","4.37","4.37","4.37","0.27","0.27","0.27"
"78000","-0.5","-0.5","-0.5","3.98","3.98","3.98","2.11","2.11","2.11","2.8","2.8","2.8","3.24","3.24","3.24","0.59","0.59","0.59"
"80000","-0.12","-0.12","-0.12","3.85","3.85","3.85","1.82","1.82","1.82","3.56","3.56","3.56","4.29","4.29","4.29","0.22","0.22","0.22"
"82000","-0.37","-0.37","-0.37","3.96","3.96","3.96","2.95","2.95","2.95","2.74","2.74","2.74","4.05","4.05","4.05","0","0","0"
"84000","","","","3.59","3.59","3.59","3.02","3.02","3.02","3.75","3.75","3.75","4.45","4.45","4.45","0.37","0.37","0.37"
"86000","","","","3.67","3.67","3.67","2.5","2.5","2.5","3.68","3.68","3.68","4.56","4.56","4.56","-0.25","-0.25","-0.25"
"88000","","","","4.54","4.54","4.54","2.91","2.91","2.91","3.06","3.06","3.06","3.38","3.38","3.38","-0.62","-0.62","-0.62"
"90000","","","","4.03","4.03","4.03","2.78","2.78","2.78","3.56","3.56","3.56","3.4","3.4","3.4","-0.5","-0.5","-0.5"
"92000","","","","3.46","3.46","3.46","2.23","2.23","2.23","3.7","3.7","3.7","4.11","4.11","4.11","-0.25","-0.25","-0.25"
"94000","","","","4.6","4.6","4.6","2.74","2.74","2.74","4.09","4.09","4.09","3.94","3.94","3.94","-0.12","-0.12","-0.12"
"96000","","","","4.45","4.45","4.45","3.19","3.19","3.19","2.34","2.34","2.34","4.1","4.1","4.1","0.13","0.13","0.13"
"98000","","","","3.01","3.01","3.01","3.67","3.67","3.67","3.25","3.25","3.25","3.96","3.96","3.96","-0.5","-0.5","-0.5"
"100000","","","","3.8","3.8","3.8","3.12","3.12","3.12","3.51","3.51","3.51","3.62","3.62","3.62","-0.37","-0.37","-0.37"
"102000","","","","3.99","3.99","3.99","2.03","2.03","2.03","3.84","3.84","3.84","3.41","3.41","3.41","-0.5","-0.5","-0.5"
"104000","","","","4.25","4.25","4.25","3.35","3.35","3.35","3.71","3.71","3.71","3.46","3.46","3.46","-0.25","-0.25","-0.25"
"106000","","","","3.5","3.5","3.5","2.87","2.87","2.87","3.78","3.78","3.78","3.68","3.68","3.68","0.45","0.45","0.45"
"108000","","","","4.43","4.43","4.43","2.74","2.74","2.74","2.83","2.83","2.83","3.36","3.36","3.36","-0.37","-0.37","-0.37"
"110000","","","","4.22","4.22","4.22","2.59","2.59","2.59","4.02","4.02","4.02","4.08","4.08","4.08","-0.12","-0.12","-0.12"
"112000","","","","4.51","4.51","4.51","3.36","3.36","3.36","3.64","3.64","3.64","4.52","4.52","4.52","0","0","0"
"114000","","","","4.57","4.57","4.57","2.98","2.98","2.98","4.14","4.14","4.14","3.87","3.87","3.87","-0.75","-0.75","-0.75"
"116000","","","","3.77","3.77","3.77","3.62","3.62","3.62","3.32","3.32","3.32","4.11","4.11","4.11","-0.37","-0.37","-0.37"
"118000","","","","3.98","3.98","3.98","2.78","2.78","2.78","3.59","3.59","3.59","3.76","3.76","3.76","-0.62","-0.62","-0.62"
"120000","","","","4","4","4","2.75","2.75","2.75","3.75","3.75","3.75","4.29","4.29","4.29","-0.37","-0.37","-0.37"
"122000","","","","4.03","4.03","4.03","3.17","3.17","3.17","3.34","3.34","3.34","4.18","4.18","4.18","-0.12","-0.12","-0.12"
"124000","","","","4.52","4.52","4.52","2.68","2.68","2.68","4.25","4.25","4.25","4.06","4.06","4.06","-0.12","-0.12","-0.12"
"126000","","","","4.42","4.42","4.42","2.67","2.67","2.67","2.48","2.48","2.48","3","3","3","-0.87","-0.87","-0.87"
"128000","","","","4.13","4.13","4.13","2.96","2.96","2.96","3.95","3.95","3.95","4.94","4.94","4.94","-0.62","-0.62","-0.62"
"130000","","","","4.75","4.75","4.75","2.8","2.8","2.8","3.61","3.61","3.61","4.43","4.43","4.43","-0.62","-0.62","-0.62"
"132000","","","","3.78","3.78","3.78","2.42","2.42","2.42","4.02","4.02","4.02","4.57","4.57","4.57","0.04","0.04","0.04"
"134000","","","","4.07","4.07","4.07","3.63","3.63","3.63","3.98","3.98","3.98","4.04","4.04","4.04","-0.5","-0.5","-0.5"
"136000","","","","4.71","4.71","4.71","2.69","2.69","2.69","3.45","3.45","3.45","4.09","4.09","4.09","-0.5","-0.5","-0.5"
"138000","","","","4.35","4.35","4.35","2.31","2.31","2.31","3.84","3.84","3.84","4.03","4.03","4.03","-0.62","-0.62","-0.62"
"140000","","","","3.46","3.46","3.46","3.04","3.04","3.04","3.53","3.53","3.53","3.54","3.54","3.54","-0.62","-0.62","-0.62"
"142000","","","","3.87","3.87","3.87","2.31","2.31","2.31","2.61","2.61","2.61","4.4","4.4","4.4","-0.37","-0.37","-0.37"
"144000","","","","3.53","3.53","3.53","2.6","2.6","2.6","3.9","3.9","3.9","4.61","4.61","4.61","-0.37","-0.37","-0.37"
"146000","","","","4.03","4.03","4.03","2.01","2.01","2.01","3.26","3.26","3.26","3.99","3.99","3.99","-0.37","-0.37","-0.37"
"148000","","","","4.45","4.45","4.45","2.01","2.01","2.01","4.14","4.14","4.14","4.22","4.22","4.22","-0.62","-0.62","-0.62"
"150000","","","","4.1","4.1","4.1","1.49","1.49","1.49","3.5","3.5","3.5","4.15","4.15","4.15","-0.62","-0.62","-0.62"
"152000","","","","4.24","4.24","4.24","3.13","3.13","3.13","3.67","3.67","3.67","3.85","3.85","3.85","-0.25","-0.25","-0.25"
"154000","","","","4.21","4.21","4.21","2.68","2.68","2.68","4.26","4.26","4.26","4.41","4.41","4.41","-0.12","-0.12","-0.12"
"156000","","","","4.93","4.93","4.93","2.49","2.49","2.49","3.77","3.77","3.77","3.6","3.6","3.6","-0.12","-0.12","-0.12"
"158000","","","","4.43","4.43","4.43","3.4","3.4","3.4","4.18","4.18","4.18","4.15","4.15","4.15","-0.37","-0.37","-0.37"
"160000","","","","4.06","4.06","4.06","3.33","3.33","3.33","3.97","3.97","3.97","4.27","4.27","4.27","-0.75","-0.75","-0.75"
"162000","","","","3.96","3.96","3.96","3.67","3.67","3.67","4.09","4.09","4.09","4.86","4.86","4.86","-0.75","-0.75","-0.75"
"164000","","","","4.14","4.14","4.14","3.02","3.02","3.02","3.22","3.22","3.22","3.98","3.98","3.98","-0.87","-0.87","-0.87"
"166000","","","","4.3","4.3","4.3","3.5","3.5","3.5","3.56","3.56","3.56","3.98","3.98","3.98","-0.5","-0.5","-0.5"
"168000","","","","3.87","3.87","3.87","3.66","3.66","3.66","3.94","3.94","3.94","4.38","4.38","4.38","0.12","0.12","0.12"
"170000","","","","4.94","4.94","4.94","3.26","3.26","3.26","3.17","3.17","3.17","3.24","3.24","3.24","-0.62","-0.62","-0.62"
"172000","","","","4.17","4.17","4.17","3.03","3.03","3.03","3.86","3.86","3.86","3.98","3.98","3.98","-0.6","-0.6","-0.6"
"174000","","","","4.26","4.26","4.26","3.36","3.36","3.36","3.76","3.76","3.76","3.71","3.71","3.71","-0.24","-0.24","-0.24"
"176000","","","","4.38","4.38","4.38","2.91","2.91","2.91","3.71","3.71","3.71","3.55","3.55","3.55","-0.62","-0.62","-0.62"
"178000","","","","3.33","3.33","3.33","2.12","2.12","2.12","4.17","4.17","4.17","4.48","4.48","4.48","-0.75","-0.75","-0.75"
"180000","","","","4.08","4.08","4.08","3.34","3.34","3.34","4.36","4.36","4.36","3.68","3.68","3.68","-0.5","-0.5","-0.5"
"182000","","","","3.93","3.93","3.93","3.35","3.35","3.35","3.28","3.28","3.28","4.31","4.31","4.31","-0.62","-0.62","-0.62"
"184000","","","","3.42","3.42","3.42","2.51","2.51","2.51","3.21","3.21","3.21","2.24","2.24","2.24","-0.5","-0.5","-0.5"
"186000","","","","4.02","4.02","4.02","3.36","3.36","3.36","3.77","3.77","3.77","3.99","3.99","3.99","0.12","0.12","0.12"
"188000","","","","4.18","4.18","4.18","4.23","4.23","4.23","3.64","3.64","3.64","4.25","4.25","4.25","-0.5","-0.5","-0.5"
"190000","","","","3.94","3.94","3.94","3.23","3.23","3.23","3.68","3.68","3.68","4.29","4.29","4.29","-0.37","-0.37","-0.37"
"192000","","","","4.08","4.08","4.08","2.51","2.51","2.51","3.77","3.77","3.77","4.45","4.45","4.45","-0.25","-0.25","-0.25"
"194000","","","","4.64","4.64","4.64","2.9","2.9","2.9","3.5","3.5","3.5","4.16","4.16","4.16","0","0","0"
"196000","","","","3.86","3.86","3.86","3.01","3.01","3.01","4.17","4.17","4.17","4.31","4.31","4.31","-0.12","-0.12","-0.12"
"198000","","","","4.02","4.02","4.02","2.61","2.61","2.61","3.76","3.76","3.76","3.6","3.6","3.6","0.23","0.23","0.23"
"200000","","","","4.57","4.57","4.57","3.38","3.38","3.38","3.84","3.84","3.84","4.13","4.13","4.13","-0.5","-0.5","-0.5"
"202000","","","","3.85","3.85","3.85","3.63","3.63","3.63","3.92","3.92","3.92","4.67","4.67","4.67","0.24","0.24","0.24"
"204000","","","","4.44","4.44","4.44","2.75","2.75","2.75","3.84","3.84","3.84","3.43","3.43","3.43","-0.24","-0.24","-0.24"
"206000","","","","4.32","4.32","4.32","2.69","2.69","2.69","4.24","4.24","4.24","4.32","4.32","4.32","-0.12","-0.12","-0.12"
"208000","","","","4.31","4.31","4.31","2.87","2.87","2.87","3.74","3.74","3.74","4.12","4.12","4.12","-0.37","-0.37","-0.37"
"210000","","","","4.77","4.77","4.77","3.08","3.08","3.08","3.18","3.18","3.18","4.28","4.28","4.28","0.59","0.59","0.59"
"212000","","","","3.82","3.82","3.82","3.06","3.06","3.06","2.75","2.75","2.75","4.59","4.59","4.59","0.45","0.45","0.45"
"214000","","","","3.61","3.61","3.61","2.78","2.78","2.78","3.59","3.59","3.59","3.95","3.95","3.95","0.11","0.11","0.11"
"216000","","","","4.79","4.79","4.79","4.26","4.26","4.26","3.41","3.41","3.41","3.95","3.95","3.95","-0.5","-0.5","-0.5"
"218000","","","","3.86","3.86","3.86","3.03","3.03","3.03","3.83","3.83","3.83","3.23","3.23","3.23","-0.5","-0.5","-0.5"
"220000","","","","4.11","4.11","4.11","3.54","3.54","3.54","3.84","3.84","3.84","3.22","3.22","3.22","-0.21","-0.21","-0.21"
"222000","","","","4.4","4.4","4.4","3.3","3.3","3.3","3.52","3.52","3.52","3.71","3.71","3.71","-0.62","-0.62","-0.62"
"224000","","","","3.36","3.36","3.36","3.58","3.58","3.58","3.86","3.86","3.86","4.19","4.19","4.19","-0.36","-0.36","-0.36"
"226000","","","","4.51","4.51","4.51","3.72","3.72","3.72","4.05","4.05","4.05","4.01","4.01","4.01","-0.5","-0.5","-0.5"
"228000","","","","4.64","4.64","4.64","3.84","3.84","3.84","3.4","3.4","3.4","3.54","3.54","3.54","-0.36","-0.36","-0.36"
"230000","","","","5.05","5.05","5.05","3.55","3.55","3.55","4.08","4.08","4.08","3.7","3.7","3.7","-0.36","-0.36","-0.36"
"232000","","","","4.71","4.71","4.71","2.87","2.87","2.87","4.23","4.23","4.23","4.91","4.91","4.91","-0.37","-0.37","-0.37"
"234000","","","","4.55","4.55","4.55","3.54","3.54","3.54","3.56","3.56","3.56","4.36","4.36","4.36","-0.12","-0.12","-0.12"
"236000","","","","3.98","3.98","3.98","3.28","3.28","3.28","3.22","3.22","3.22","4.35","4.35","4.35","-0.5","-0.5","-0.5"
"238000","","","","4.58","4.58","4.58","3.4","3.4","3.4","3.46","3.46","3.46","4.35","4.35","4.35","-0.62","-0.62","-0.62"
"240000","","","","3.53","3.53","3.53","3.99","3.99","3.99","3.68","3.68","3.68","4.3","4.3","4.3","-0.36","-0.36","-0.36"
"242000","","","","4.5","4.5","4.5","3.69","3.69","3.69","3.28","3.28","3.28","4.49","4.49","4.49","-0.25","-0.25","-0.25"
"244000","","","","4.25","4.25","4.25","3.63","3.63","3.63","3.78","3.78","3.78","3.7","3.7","3.7","0.11","0.11","0.11"
"246000","","","","4.78","4.78","4.78","3.36","3.36","3.36","4.09","4.09","4.09","4.6","4.6","4.6","-0.62","-0.62","-0.62"
"248000","","","","3.19","3.19","3.19","3.93","3.93","3.93","4.35","4.35","4.35","3.98","3.98","3.98","0","0","0"
"250000","","","","4.55","4.55","4.55","3.81","3.81","3.81","4.16","4.16","4.16","2.78","2.78","2.78","-0.12","-0.12","-0.12"
"252000","","","","3.87","3.87","3.87","2.8","2.8","2.8","3.8","3.8","3.8","3.98","3.98","3.98","-0.25","-0.25","-0.25"
"254000","","","","4.53","4.53","4.53","3.65","3.65","3.65","4.01","4.01","4.01","4.35","4.35","4.35","-0.5","-0.5","-0.5"
"256000","","","","4.22","4.22","4.22","3.38","3.38","3.38","4.42","4.42","4.42","4.32","4.32","4.32","-0.25","-0.25","-0.25"
"258000","","","","4.2","4.2","4.2","3.29","3.29","3.29","3.89","3.89","3.89","3.63","3.63","3.63","0.13","0.13","0.13"
"260000","","","","3.65","3.65","3.65","3.34","3.34","3.34","3.59","3.59","3.59","3.9","3.9","3.9","-0.25","-0.25","-0.25"
"262000","","","","4.85","4.85","4.85","3.95","3.95","3.95","4.35","4.35","4.35","4.78","4.78","4.78","-0.25","-0.25","-0.25"
"264000","","","","4.76","4.76","4.76","3.13","3.13","3.13","3.95","3.95","3.95","3.48","3.48","3.48","-0.25","-0.25","-0.25"
"266000","","","","4.16","4.16","4.16","3.46","3.46","3.46","3.57","3.57","3.57","4.25","4.25","4.25","-0.36","-0.36","-0.36"
"268000","","","","4.29","4.29","4.29","3.64","3.64","3.64","3.56","3.56","3.56","4.19","4.19","4.19","0.12","0.12","0.12"
"270000","","","","4.45","4.45","4.45","3.53","3.53","3.53","4.24","4.24","4.24","3.85","3.85","3.85","-0.33","-0.33","-0.33"
"272000","","","","4.32","4.32","4.32","3.65","3.65","3.65","3.54","3.54","3.54","4.27","4.27","4.27","-0.87","-0.87","-0.87"
"274000","","","","3.73","3.73","3.73","3.1","3.1","3.1","2.52","2.52","2.52","4.91","4.91","4.91","-0.37","-0.37","-0.37"
"276000","","","","3.84","3.84","3.84","2.53","2.53","2.53","3.27","3.27","3.27","3.78","3.78","3.78","0.22","0.22","0.22"
"278000","","","","3.73","3.73","3.73","3.04","3.04","3.04","3.77","3.77","3.77","4.28","4.28","4.28","-0.5","-0.5","-0.5"
"280000","","","","4.61","4.61","4.61","2.71","2.71","2.71","3.69","3.69","3.69","3.26","3.26","3.26","-0.12","-0.12","-0.12"
"282000","","","","4.31","4.31","4.31","3.93","3.93","3.93","3.46","3.46","3.46","3.49","3.49","3.49","-0.25","-0.25","-0.25"
"284000","","","","5.13","5.13","5.13","3.59","3.59","3.59","3.84","3.84","3.84","4.64","4.64","4.64","-0.62","-0.62","-0.62"
"286000","","","","4.19","4.19","4.19","3.75","3.75","3.75","3.98","3.98","3.98","3.65","3.65","3.65","-0.37","-0.37","-0.37"
"288000","","","","4.84","4.84","4.84","3.42","3.42","3.42","3.98","3.98","3.98","3.38","3.38","3.38","-0.12","-0.12","-0.12"
"290000","","","","4.51","4.51","4.51","4.03","4.03","4.03","3.8","3.8","3.8","4.22","4.22","4.22","-0.37","-0.37","-0.37"
"292000","","","","4.29","4.29","4.29","2.19","2.19","2.19","3.54","3.54","3.54","3.96","3.96","3.96","-0.5","-0.5","-0.5"
"294000","","","","4.3","4.3","4.3","3.55","3.55","3.55","4.17","4.17","4.17","4.51","4.51","4.51","-0.75","-0.75","-0.75"
"296000","","","","3.31","3.31","3.31","2.85","2.85","2.85","3.87","3.87","3.87","3.95","3.95","3.95","-0.37","-0.37","-0.37"
"298000","","","","4.61","4.61","4.61","3.41","3.41","3.41","3.94","3.94","3.94","4.12","4.12","4.12","-0.36","-0.36","-0.36"
"300000","","","","3.97","3.97","3.97","3.56","3.56","3.56","4.47","4.47","4.47","3.67","3.67","3.67","-0.25","-0.25","-0.25"
"302000","","","","4.29","4.29","4.29","3.24","3.24","3.24","3.98","3.98","3.98","3.86","3.86","3.86","-0.37","-0.37","-0.37"
"304000","","","","4.69","4.69","4.69","4.07","4.07","4.07","3.82","3.82","3.82","3.88","3.88","3.88","0","0","0"
"306000","","","","3.77","3.77","3.77","3.55","3.55","3.55","3.54","3.54","3.54","3.81","3.81","3.81","-0.24","-0.24","-0.24"
"308000","","","","3.84","3.84","3.84","3.49","3.49","3.49","3.3","3.3","3.3","3.86","3.86","3.86","-0.12","-0.12","-0.12"
"310000","","","","4.14","4.14","4.14","2.89","2.89","2.89","4.4","4.4","4.4","4.07","4.07","4.07","-0.5","-0.5","-0.5"
"312000","","","","4.75","4.75","4.75","3.82","3.82","3.82","4.27","4.27","4.27","4.57","4.57","4.57","-0.62","-0.62","-0.62"
"314000","","","","4.33","4.33","4.33","3.87","3.87","3.87","3.44","3.44","3.44","4.18","4.18","4.18","-0.37","-0.37","-0.37"
"316000","","","","4.74","4.74","4.74","3.46","3.46","3.46","4.05","4.05","4.05","3.99","3.99","3.99","0","0","0"
"318000","","","","4.15","4.15","4.15","2.98","2.98","2.98","4.31","4.31","4.31","4.08","4.08","4.08","-0.25","-0.25","-0.25"
"320000","","","","4.61","4.61","4.61","3.08","3.08","3.08","4.42","4.42","4.42","4.41","4.41","4.41","-0.12","-0.12","-0.12"
"322000","","","","4.46","4.46","4.46","2.51","2.51","2.51","4.01","4.01","4.01","3.91","3.91","3.91","0.11","0.11","0.11"
"324000","","","","4.06","4.06","4.06","3.87","3.87","3.87","3.96","3.96","3.96","3.18","3.18","3.18","0","0","0"
"326000","","","","4.08","4.08","4.08","3.29","3.29","3.29","3.74","3.74","3.74","4.47","4.47","4.47","-0.25","-0.25","-0.25"
"328000","","","","3.57","3.57","3.57","3.45","3.45","3.45","3.9","3.9","3.9","3.33","3.33","3.33","-0.25","-0.25","-0.25"
"330000","","","","4.24","4.24","4.24","3.55","3.55","3.55","3.87","3.87","3.87","3.03","3.03","3.03","-0.62","-0.62","-0.62"
"332000","","","","3.56","3.56","3.56","3.49","3.49","3.49","4.11","4.11","4.11","3.85","3.85","3.85","-0.24","-0.24","-0.24"
"334000","","","","4.54","4.54","4.54","3.35","3.35","3.35","3.89","3.89","3.89","3.58","3.58","3.58","-0.25","-0.25","-0.25"
"336000","","","","4.68","4.68","4.68","3.75","3.75","3.75","4.58","4.58","4.58","3.89","3.89","3.89","0","0","0"
"338000","","","","3.78","3.78","3.78","3.61","3.61","3.61","4.61","4.61","4.61","2.58","2.58","2.58","-0.5","-0.5","-0.5"
"340000","","","","4.4","4.4","4.4","3.35","3.35","3.35","4.35","4.35","4.35","4.37","4.37","4.37","0","0","0"
"342000","","","","3.97","3.97","3.97","3.78","3.78","3.78","3.89","3.89","3.89","3.7","3.7","3.7","0.25","0.25","0.25"
"344000","","","","3.34","3.34","3.34","3.16","3.16","3.16","4.42","4.42","4.42","3.65","3.65","3.65","-0.5","-0.5","-0.5"
"346000","","","","4.06","4.06","4.06","2.84","2.84","2.84","4.14","4.14","4.14","4.64","4.64","4.64","-0.62","-0.62","-0.62"
"348000","","","","4.03","4.03","4.03","3.91","3.91","3.91","4.03","4.03","4.03","4.5","4.5","4.5","0.47","0.47","0.47"
"350000","","","","4.43","4.43","4.43","3.85","3.85","3.85","4.09","4.09","4.09","3.85","3.85","3.85","-0.62","-0.62","-0.62"
"352000","","","","4.76","4.76","4.76","2.6","2.6","2.6","3.91","3.91","3.91","4.09","4.09","4.09","-0.37","-0.37","-0.37"
"354000","","","","3.32","3.32","3.32","3.45","3.45","3.45","3.55","3.55","3.55","4.31","4.31","4.31","0.24","0.24","0.24"
"356000","","","","4.7","4.7","4.7","3.9","3.9","3.9","4.17","4.17","4.17","3.91","3.91","3.91","0","0","0"
"358000","","","","3.96","3.96","3.96","3.17","3.17","3.17","4.42","4.42","4.42","3.61","3.61","3.61","0.24","0.24","0.24"
"360000","","","","4.17","4.17","4.17","3.08","3.08","3.08","3.78","3.78","3.78","4.07","4.07","4.07","-0.87","-0.87","-0.87"
"362000","","","","4.48","4.48","4.48","3.37","3.37","3.37","4.09","4.09","4.09","3.36","3.36","3.36","-0.37","-0.37","-0.37"
"364000","","","","4.25","4.25","4.25","3.87","3.87","3.87","4.1","4.1","4.1","4.3","4.3","4.3","-0.01","-0.01","-0.01"
"366000","","","","4.88","4.88","4.88","2.51","2.51","2.51","4.06","4.06","4.06","4.37","4.37","4.37","0.11","0.11","0.11"
"368000","","","","3.97","3.97","3.97","3.72","3.72","3.72","3.61","3.61","3.61","4.3","4.3","4.3","-0.25","-0.25","-0.25"
"370000","","","","3.46","3.46","3.46","4.25","4.25","4.25","3.99","3.99","3.99","4.74","4.74","4.74","-0.58","-0.58","-0.58"
"372000","","","","4.35","4.35","4.35","3.86","3.86","3.86","4.1","4.1","4.1","3.36","3.36","3.36","-0.25","-0.25","-0.25"
"374000","","","","4.04","4.04","4.04","3.63","3.63","3.63","4.32","4.32","4.32","4.25","4.25","4.25","-0.12","-0.12","-0.12"
"376000","","","","4.55","4.55","4.55","4.04","4.04","4.04","4.36","4.36","4.36","4.5","4.5","4.5","-0.5","-0.5","-0.5"
"378000","","","","4.02","4.02","4.02","3.46","3.46","3.46","3.57","3.57","3.57","3.78","3.78","3.78","-0.25","-0.25","-0.25"
"380000","","","","3.1","3.1","3.1","2.6","2.6","2.6","4.53","4.53","4.53","4.35","4.35","4.35","-0.37","-0.37","-0.37"
"382000","","","","3.81","3.81","3.81","3.63","3.63","3.63","3.84","3.84","3.84","4.7","4.7","4.7","0.13","0.13","0.13"
"384000","","","","3.88","3.88","3.88","3.94","3.94","3.94","4.31","4.31","4.31","4.14","4.14","4.14","-0.5","-0.5","-0.5"
"386000","","","","4.14","4.14","4.14","2.97","2.97","2.97","4.69","4.69","4.69","3.81","3.81","3.81","-0.37","-0.37","-0.37"
"388000","","","","4.45","4.45","4.45","3.2","3.2","3.2","3.84","3.84","3.84","2.99","2.99","2.99","-0.25","-0.25","-0.25"
"390000","","","","4.43","4.43","4.43","3.56","3.56","3.56","3.89","3.89","3.89","3.95","3.95","3.95","-0.12","-0.12","-0.12"
"392000","","","","3.9","3.9","3.9","3.66","3.66","3.66","4.25","4.25","4.25","4.07","4.07","4.07","0","0","0"
"394000","","","","4.47","4.47","4.47","3.48","3.48","3.48","3.94","3.94","3.94","4.4","4.4","4.4","0","0","0"
"396000","","","","4.08","4.08","4.08","3.53","3.53","3.53","3.96","3.96","3.96","3.57","3.57","3.57","-0.12","-0.12","-0.12"
"398000","","","","3.51","3.51","3.51","3.72","3.72","3.72","4.07","4.07","4.07","3.67","3.67","3.67","-0.36","-0.36","-0.36"
"400000","","","","4.06","4.06","4.06","3.53","3.53","3.53","4.16","4.16","4.16","4.36","4.36","4.36","0","0","0"
"402000","","","","4.53","4.53","4.53","3.23","3.23","3.23","4.06","4.06","4.06","3.58","3.58","3.58","-0.62","-0.62","-0.62"
"404000","","","","4.45","4.45","4.45","4.09","4.09","4.09","3.75","3.75","3.75","4.08","4.08","4.08","-0.75","-0.75","-0.75"
"406000","","","","3.14","3.14","3.14","3.25","3.25","3.25","4.4","4.4","4.4","4.12","4.12","4.12","-0.12","-0.12","-0.12"
"408000","","","","3.99","3.99","3.99","3.91","3.91","3.91","3.74","3.74","3.74","4.8","4.8","4.8","-0.5","-0.5","-0.5"
"410000","","","","2.48","2.48","2.48","3.23","3.23","3.23","3.87","3.87","3.87","4.09","4.09","4.09","-0.5","-0.5","-0.5"
"412000","","","","4.73","4.73","4.73","3.51","3.51","3.51","4.02","4.02","4.02","4.38","4.38","4.38","-0.37","-0.37","-0.37"
"414000","","","","4.24","4.24","4.24","3.59","3.59","3.59","3.58","3.58","3.58","4.31","4.31","4.31","-0.62","-0.62","-0.62"
"416000","","","","2.69","2.69","2.69","3.57","3.57","3.57","4.7","4.7","4.7","3.65","3.65","3.65","0.33","0.33","0.33"
"418000","","","","3.28","3.28","3.28","3.35","3.35","3.35","4.51","4.51","4.51","3.78","3.78","3.78","-0.37","-0.37","-0.37"
"420000","","","","4.35","4.35","4.35","4.08","4.08","4.08","3.99","3.99","3.99","4.1","4.1","4.1","0","0","0"
"422000","","","","4.11","4.11","4.11","4.07","4.07","4.07","4.26","4.26","4.26","4.55","4.55","4.55","-0.25","-0.25","-0.25"
"424000","","","","3.84","3.84","3.84","3.72","3.72","3.72","3.6","3.6","3.6","4.79","4.79","4.79","-0.36","-0.36","-0.36"
"426000","","","","4.54","4.54","4.54","3.41","3.41","3.41","4.35","4.35","4.35","4.24","4.24","4.24","-0.12","-0.12","-0.12"
"428000","","","","3.74","3.74","3.74","4","4","4","3.23","3.23","3.23","3.85","3.85","3.85","-0.5","-0.5","-0.5"
"430000","","","","4.16","4.16","4.16","3.1","3.1","3.1","4.06","4.06","4.06","4.23","4.23","4.23","-0.62","-0.62","-0.62"
"432000","","","","4.47","4.47","4.47","3.28","3.28","3.28","4.19","4.19","4.19","3.6","3.6","3.6","-0.12","-0.12","-0.12"
"434000","","","","4.14","4.14","4.14","3.56","3.56","3.56","4.44","4.44","4.44","3.31","3.31","3.31","-0.62","-0.62","-0.62"
"436000","","","","4.25","4.25","4.25","4.18","4.18","4.18","4.12","4.12","4.12","4.18","4.18","4.18","-0.37","-0.37","-0.37"
"438000","","","","4.27","4.27","4.27","2.71","2.71","2.71","3.23","3.23","3.23","4.17","4.17","4.17","-0.62","-0.62","-0.62"
"440000","","","","4.43","4.43","4.43","3.52","3.52","3.52","3.8","3.8","3.8","3.5","3.5","3.5","0.24","0.24","0.24"
"442000","","","","3.83","3.83","3.83","3.69","3.69","3.69","3.75","3.75","3.75","3.91","3.91","3.91","-0.37","-0.37","-0.37"
"444000","","","","4.13","4.13","4.13","3.36","3.36","3.36","3.79","3.79","3.79","4.63","4.63","4.63","0","0","0"
"446000","","","","4.05","4.05","4.05","3.63","3.63","3.63","3.24","3.24","3.24","3.72","3.72","3.72","-0.75","-0.75","-0.75"
"448000","","","","3.57","3.57","3.57","4.15","4.15","4.15","3.77","3.77","3.77","3.9","3.9","3.9","-0.13","-0.13","-0.13"
"450000","","","","3.61","3.61","3.61","4.43","4.43","4.43","3.78","3.78","3.78","4.54","4.54","4.54","-0.62","-0.62","-0.62"
"452000","","","","3.6","3.6","3.6","3.66","3.66","3.66","4.42","4.42","4.42","4.15","4.15","4.15","-0.25","-0.25","-0.25"
"454000","","","","4.71","4.71","4.71","3.71","3.71","3.71","4.44","4.44","4.44","4.08","4.08","4.08","-0.37","-0.37","-0.37"
"456000","","","","4.27","4.27","4.27","3.92","3.92","3.92","3.73","3.73","3.73","3.63","3.63","3.63","-0.5","-0.5","-0.5"
"458000","","","","3.98","3.98","3.98","3.86","3.86","3.86","3.37","3.37","3.37","4.7","4.7","4.7","-0.25","-0.25","-0.25"
"460000","","","","3.72","3.72","3.72","3.56","3.56","3.56","4.07","4.07","4.07","4.17","4.17","4.17","-0.25","-0.25","-0.25"
"462000","","","","4","4","4","3.81","3.81","3.81","4.2","4.2","4.2","3.18","3.18","3.18","0","0","0"
"464000","","","","4.19","4.19","4.19","3.75","3.75","3.75","3.95","3.95","3.95","4.53","4.53","4.53","-0.37","-0.37","-0.37"
"466000","","","","3.88","3.88","3.88","3.61","3.61","3.61","4.41","4.41","4.41","4.67","4.67","4.67","-0.75","-0.75","-0.75"
"468000","","","","4.16","4.16","4.16","3.41","3.41","3.41","4.02","4.02","4.02","3.37","3.37","3.37","-0.36","-0.36","-0.36"
"470000","","","","3.57","3.57","3.57","3.5","3.5","3.5","4.42","4.42","4.42","3.55","3.55","3.55","-0.12","-0.12","-0.12"
"472000","","","","3.97","3.97","3.97","3.09","3.09","3.09","4.25","4.25","4.25","4.39","4.39","4.39","0","0","0"
"474000","","","","4.44","4.44","4.44","3.21","3.21","3.21","4.46","4.46","4.46","3.89","3.89","3.89","-0.24","-0.24","-0.24"
"476000","","","","4.01","4.01","4.01","3.14","3.14","3.14","3.37","3.37","3.37","4.66","4.66","4.66","0.12","0.12","0.12"
"478000","","","","4.2","4.2","4.2","2.91","2.91","2.91","4.04","4.04","4.04","2.94","2.94","2.94","-0.62","-0.62","-0.62"
"480000","","","","4.35","4.35","4.35","3.51","3.51","3.51","3.91","3.91","3.91","4.74","4.74","4.74","-0.87","-0.87","-0.87"
"482000","","","","3.09","3.09","3.09","3.36","3.36","3.36","4.26","4.26","4.26","3.61","3.61","3.61","-0.2","-0.2","-0.2"
"484000","","","","3.45","3.45","3.45","4.07","4.07","4.07","4.2","4.2","4.2","4.09","4.09","4.09","-0.5","-0.5","-0.5"
"486000","","","","4.39","4.39","4.39","3.71","3.71","3.71","4.08","4.08","4.08","4.41","4.41","4.41","-0.48","-0.48","-0.48"
"488000","","","","4.58","4.58","4.58","3.97","3.97","3.97","4.22","4.22","4.22","4.42","4.42","4.42","-0.12","-0.12","-0.12"
"490000","","","","4.65","4.65","4.65","3.75","3.75","3.75","4.31","4.31","4.31","5.17","5.17","5.17","0.35","0.35","0.35"
"492000","","","","4.52","4.52","4.52","3.62","3.62","3.62","3.93","3.93","3.93","4.34","4.34","4.34","-0.5","-0.5","-0.5"
"494000","","","","4.85","4.85","4.85","4.02","4.02","4.02","3.9","3.9","3.9","4.37","4.37","4.37","-0.62","-0.62","-0.62"
"496000","","","","4.52","4.52","4.52","3.1","3.1","3.1","4.32","4.32","4.32","4.54","4.54","4.54","0","0","0"
"498000","","","","3.59","3.59","3.59","3.54","3.54","3.54","3.4","3.4","3.4","4.74","4.74","4.74","-0.12","-0.12","-0.12"
"500000","","","","4.55","4.55","4.55","3.94","3.94","3.94","3.69","3.69","3.69","3.95","3.95","3.95","-0.5","-0.5","-0.5"
"502000","","","","3.77","3.77","3.77","3.69","3.69","3.69","4.45","4.45","4.45","5.03","5.03","5.03","-0.25","-0.25","-0.25"
"504000","","","","4.39","4.39","4.39","3.87","3.87","3.87","3.66","3.66","3.66","4.13","4.13","4.13","-0.37","-0.37","-0.37"
"506000","","","","4.58","4.58","4.58","3.55","3.55","3.55","4.36","4.36","4.36","4.11","4.11","4.11","-0.37","-0.37","-0.37"
"508000","","","","3.29","3.29","3.29","3.87","3.87","3.87","4.35","4.35","4.35","3.85","3.85","3.85","-0.48","-0.48","-0.48"
"510000","","","","4.67","4.67","4.67","3.88","3.88","3.88","3.93","3.93","3.93","4.99","4.99","4.99","-0.12","-0.12","-0.12"
"512000","","","","4.12","4.12","4.12","3.6","3.6","3.6","4.65","4.65","4.65","3.64","3.64","3.64","-0.5","-0.5","-0.5"
"514000","","","","4.48","4.48","4.48","3.6","3.6","3.6","3.57","3.57","3.57","4.17","4.17","4.17","-0.5","-0.5","-0.5"
"516000","","","","4.46","4.46","4.46","3.87","3.87","3.87","4.33","4.33","4.33","3.73","3.73","3.73","-0.37","-0.37","-0.37"
"518000","","","","3.85","3.85","3.85","3.68","3.68","3.68","4.35","4.35","4.35","4.42","4.42","4.42","0.25","0.25","0.25"
"520000","","","","4.44","4.44","4.44","3.39","3.39","3.39","4.55","4.55","4.55","3.11","3.11","3.11","-0.12","-0.12","-0.12"
"522000","","","","4.55","4.55","4.55","3.1","3.1","3.1","4.19","4.19","4.19","3.98","3.98","3.98","-0.37","-0.37","-0.37"
"524000","","","","2.92","2.92","2.92","3.27","3.27","3.27","3.9","3.9","3.9","4.06","4.06","4.06","-0.12","-0.12","-0.12"
"526000","","","","3.64","3.64","3.64","3.08","3.08","3.08","4.38","4.38","4.38","4.06","4.06","4.06","0","0","0"
"528000","","","","2.96","2.96","2.96","3.51","3.51","3.51","3.83","3.83","3.83","4.21","4.21","4.21","-0.12","-0.12","-0.12"
"530000","","","","4.57","4.57","4.57","4.32","4.32","4.32","3.11","3.11","3.11","4.62","4.62","4.62","-0.37","-0.37","-0.37"
"532000","","","","3.67","3.67","3.67","4.28","4.28","4.28","3.92","3.92","3.92","4.96","4.96","4.96","0.23","0.23","0.23"
"534000","","","","4","4","4","3.69","3.69","3.69","4.18","4.18","4.18","4.17","4.17","4.17","0.12","0.12","0.12"
"536000","","","","3.42","3.42","3.42","4.18","4.18","4.18","3.91","3.91","3.91","3.56","3.56","3.56","-0.48","-0.48","-0.48"
"538000","","","","4.12","4.12","4.12","4.22","4.22","4.22","4.55","4.55","4.55","3.85","3.85","3.85","-0.25","-0.25","-0.25"
"540000","","","","4.34","4.34","4.34","3.91","3.91","3.91","4.75","4.75","4.75","3.84","3.84","3.84","-0.5","-0.5","-0.5"
"542000","","","","4.33","4.33","4.33","4.13","4.13","4.13","4.38","4.38","4.38","4.15","4.15","4.15","-0.24","-0.24","-0.24"
"544000","","","","4.03","4.03","4.03","4.17","4.17","4.17","3.93","3.93","3.93","3.97","3.97","3.97","-0.5","-0.5","-0.5"
"546000","","","","4.48","4.48","4.48","3.19","3.19","3.19","4.44","4.44","4.44","3.53","3.53","3.53","-0.62","-0.62","-0.62"
"548000","","","","4.74","4.74","4.74","3.39","3.39","3.39","3.8","3.8","3.8","3.92","3.92","3.92","-0.37","-0.37","-0.37"
"550000","","","","4.34","4.34","4.34","3.3","3.3","3.3","4.38","4.38","4.38","3.98","3.98","3.98","-0.24","-0.24","-0.24"
"552000","","","","4.69","4.69","4.69","2.91","2.91","2.91","4.25","4.25","4.25","3.4","3.4","3.4","-0.62","-0.62","-0.62"
"554000","","","","4.49","4.49","4.49","3.4","3.4","3.4","3.28","3.28","3.28","3.09","3.09","3.09","-0.5","-0.5","-0.5"
"556000","","","","4.25","4.25","4.25","4.2","4.2","4.2","4.28","4.28","4.28","3.66","3.66","3.66","-0.62","-0.62","-0.62"
"558000","","","","4.06","4.06","4.06","4.12","4.12","4.12","4.66","4.66","4.66","3.16","3.16","3.16","-0.24","-0.24","-0.24"
"560000","","","","3.94","3.94","3.94","4.21","4.21","4.21","4.57","4.57","4.57","","","","-0.37","-0.37","-0.37"
"562000","","","","4.28","4.28","4.28","3.71","3.71","3.71","4.19","4.19","4.19","","","","0","0","0"
"564000","","","","4.12","4.12","4.12","3.83","3.83","3.83","4.28","4.28","4.28","","","","0.13","0.13","0.13"
"566000","","","","4.5","4.5","4.5","3.53","3.53","3.53","4.37","4.37","4.37","","","","0.23","0.23","0.23"
"568000","","","","4","4","4","3.6","3.6","3.6","4.4","4.4","4.4","","","","-0.5","-0.5","-0.5"
"570000","","","","5","5","5","3.57","3.57","3.57","3.45","3.45","3.45","","","","-0.62","-0.62","-0.62"
"572000","","","","3.83","3.83","3.83","4.4","4.4","4.4","4.01","4.01","4.01","","","","-0.33","-0.33","-0.33"
"574000","","","","3.83","3.83","3.83","3.67","3.67","3.67","5.03","5.03","5.03","","","","-0.37","-0.37","-0.37"
"576000","","","","3.6","3.6","3.6","3.46","3.46","3.46","4.65","4.65","4.65","","","","-0.37","-0.37","-0.37"
"578000","","","","4.55","4.55","4.55","4.2","4.2","4.2","4.44","4.44","4.44","","","","-0.13","-0.13","-0.13"
"580000","","","","4.52","4.52","4.52","3.48","3.48","3.48","4.57","4.57","4.57","","","","-0.25","-0.25","-0.25"
"582000","","","","3.99","3.99","3.99","4.11","4.11","4.11","4.65","4.65","4.65","","","","-0.37","-0.37","-0.37"
"584000","","","","4.56","4.56","4.56","3.35","3.35","3.35","3.85","3.85","3.85","","","","0","0","0"
"586000","","","","4.52","4.52","4.52","3.92","3.92","3.92","3.58","3.58","3.58","","","","0.12","0.12","0.12"
"588000","","","","4.42","4.42","4.42","3.6","3.6","3.6","3.67","3.67","3.67","","","","-0.25","-0.25","-0.25"
"590000","","","","4.02","4.02","4.02","4.4","4.4","4.4","4.51","4.51","4.51","","","","-0.87","-0.87","-0.87"
"592000","","","","3.63","3.63","3.63","4.21","4.21","4.21","4.07","4.07","4.07","","","","-0.37","-0.37","-0.37"
"594000","","","","4.49","4.49","4.49","3.26","3.26","3.26","4.41","4.41","4.41","","","","0.13","0.13","0.13"
"596000","","","","4.64","4.64","4.64","3.75","3.75","3.75","4.08","4.08","4.08","","","","0","0","0"
"598000","","","","4.01","4.01","4.01","4.11","4.11","4.11","4.72","4.72","4.72","","","","-0.12","-0.12","-0.12"
"600000","","","","4.47","4.47","4.47","4.41","4.41","4.41","3.43","3.43","3.43","","","","-0.5","-0.5","-0.5"
"602000","","","","4.63","4.63","4.63","3.67","3.67","3.67","4.35","4.35","4.35","","","","-0.37","-0.37","-0.37"
"604000","","","","4.48","4.48","4.48","4.3","4.3","4.3","4.37","4.37","4.37","","","","0","0","0"
"606000","","","","4.34","4.34","4.34","3.66","3.66","3.66","4.39","4.39","4.39","","","","-0.25","-0.25","-0.25"
"608000","","","","3.95","3.95","3.95","4.02","4.02","4.02","4.3","4.3","4.3","","","","-0.5","-0.5","-0.5"
"610000","","","","4.34","4.34","4.34","4.12","4.12","4.12","4.12","4.12","4.12","","","","-0.25","-0.25","-0.25"
"612000","","","","4.56","4.56","4.56","3.7","3.7","3.7","4.24","4.24","4.24","","","","-0.5","-0.5","-0.5"
"614000","","","","3.53","3.53","3.53","3.71","3.71","3.71","3.44","3.44","3.44","","","","-0.62","-0.62","-0.62"
"616000","","","","4.42","4.42","4.42","4.38","4.38","4.38","4.14","4.14","4.14","","","","-0.75","-0.75","-0.75"
"618000","","","","3.74","3.74","3.74","4.35","4.35","4.35","3.56","3.56","3.56","","","","-0.48","-0.48","-0.48"
"620000","","","","4.22","4.22","4.22","4.17","4.17","4.17","3.77","3.77","3.77","","","","-0.48","-0.48","-0.48"
"622000","","","","4.42","4.42","4.42","4.22","4.22","4.22","3.79","3.79","3.79","","","","0","0","0"
"624000","","","","4.7","4.7","4.7","3.27","3.27","3.27","3.61","3.61","3.61","","","","-0.25","-0.25","-0.25"
"626000","","","","4.81","4.81","4.81","4.05","4.05","4.05","4.4","4.4","4.4","","","","-0.12","-0.12","-0.12"
"628000","","","","4.47","4.47","4.47","4.06","4.06","4.06","4.25","4.25","4.25","","","","-0.01","-0.01","-0.01"
"630000","","","","4.64","4.64","4.64","4.63","4.63","4.63","4.51","4.51","4.51","","","","0.1","0.1","0.1"
"632000","","","","4.02","4.02","4.02","3.31","3.31","3.31","4.19","4.19","4.19","","","","0.12","0.12","0.12"
"634000","","","","4.03","4.03","4.03","3.88","3.88","3.88","3.42","3.42","3.42","","","","-0.5","-0.5","-0.5"
"636000","","","","4.07","4.07","4.07","3.96","3.96","3.96","3.93","3.93","3.93","","","","-0.37","-0.37","-0.37"
"638000","","","","4.59","4.59","4.59","3.12","3.12","3.12","4.11","4.11","4.11","","","","-0.62","-0.62","-0.62"
"640000","","","","4.02","4.02","4.02","3.4","3.4","3.4","4.62","4.62","4.62","","","","-0.12","-0.12","-0.12"
"642000","","","","4.19","4.19","4.19","4.34","4.34","4.34","4.01","4.01","4.01","","","","-0.37","-0.37","-0.37"
"644000","","","","4.14","4.14","4.14","4.08","4.08","4.08","4.42","4.42","4.42","","","","0","0","0"
"646000","","","","4.08","4.08","4.08","3.62","3.62","3.62","3.87","3.87","3.87","","","","-0.12","-0.12","-0.12"
"648000","","","","4.65","4.65","4.65","2.87","2.87","2.87","4.67","4.67","4.67","","","","0.27","0.27","0.27"
"650000","","","","4.69","4.69","4.69","3.21","3.21","3.21","4.07","4.07","4.07","","","","-0.12","-0.12","-0.12"
"652000","","","","4.29","4.29","4.29","4.15","4.15","4.15","4.35","4.35","4.35","","","","-0.25","-0.25","-0.25"
"654000","","","","3.94","3.94","3.94","4.04","4.04","4.04","4.46","4.46","4.46","","","","-0.87","-0.87","-0.87"
"656000","","","","4.59","4.59","4.59","4.05","4.05","4.05","4.36","4.36","4.36","","","","-0.37","-0.37","-0.37"
"658000","","","","3.93","3.93","3.93","3.78","3.78","3.78","4.54","4.54","4.54","","","","0.38","0.38","0.38"
"660000","","","","4.09","4.09","4.09","3.71","3.71","3.71","4.5","4.5","4.5","","","","0.11","0.11","0.11"
"662000","","","","3.83","3.83","3.83","4.07","4.07","4.07","3.61","3.61","3.61","","","","0.13","0.13","0.13"
"664000","","","","4.19","4.19","4.19","4.08","4.08","4.08","4.51","4.51","4.51","","","","-0.37","-0.37","-0.37"
"666000","","","","4.21","4.21","4.21","3.37","3.37","3.37","4.2","4.2","4.2","","","","-0.37","-0.37","-0.37"
"668000","","","","2.89","2.89","2.89","3.97","3.97","3.97","4.34","4.34","4.34","","","","-0.37","-0.37","-0.37"
"670000","","","","3.94","3.94","3.94","3.64","3.64","3.64","4.47","4.47","4.47","","","","-0.12","-0.12","-0.12"
"672000","","","","4.11","4.11","4.11","3.33","3.33","3.33","4.11","4.11","4.11","","","","-0.25","-0.25","-0.25"
"674000","","","","4.14","4.14","4.14","3.67","3.67","3.67","3.73","3.73","3.73","","","","-0.62","-0.62","-0.62"
"676000","","","","4.61","4.61","4.61","3.48","3.48","3.48","4.15","4.15","4.15","","","","-0.25","-0.25","-0.25"
"678000","","","","4.7","4.7","4.7","4.31","4.31","4.31","4.47","4.47","4.47","","","","-0.62","-0.62","-0.62"
"680000","","","","5.06","5.06","5.06","3.92","3.92","3.92","4.14","4.14","4.14","","","","-0.24","-0.24","-0.24"
"682000","","","","4.2","4.2","4.2","3.95","3.95","3.95","4.04","4.04","4.04","","","","-0.37","-0.37","-0.37"
"684000","","","","4.75","4.75","4.75","3.58","3.58","3.58","4.45","4.45","4.45","","","","0","0","0"
"686000","","","","3.75","3.75","3.75","3.79","3.79","3.79","4.57","4.57","4.57","","","","0.45","0.45","0.45"
"688000","","","","4.57","4.57","4.57","4.46","4.46","4.46","4.05","4.05","4.05","","","","0.23","0.23","0.23"
"690000","","","","4.73","4.73","4.73","3.77","3.77","3.77","4.3","4.3","4.3","","","","-0.12","-0.12","-0.12"
"692000","","","","3.88","3.88","3.88","4.29","4.29","4.29","4.03","4.03","4.03","","","","0.25","0.25","0.25"
"694000","","","","3.99","3.99","3.99","3.9","3.9","3.9","4.02","4.02","4.02","","","","-0.12","-0.12","-0.12"
"696000","","","","4.3","4.3","4.3","3.36","3.36","3.36","4.2","4.2","4.2","","","","-0.5","-0.5","-0.5"
"698000","","","","4.35","4.35","4.35","3.52","3.52","3.52","4.35","4.35","4.35","","","","-0.5","-0.5","-0.5"
"700000","","","","4.86","4.86","4.86","3.08","3.08","3.08","3.83","3.83","3.83","","","","-0.25","-0.25","-0.25"
"702000","","","","4.63","4.63","4.63","4.1","4.1","4.1","3.84","3.84","3.84","","","","-0.36","-0.36","-0.36"
"704000","","","","4.01","4.01","4.01","4.65","4.65","4.65","3.59","3.59","3.59","","","","-0.37","-0.37","-0.37"
"706000","","","","3.29","3.29","3.29","3.58","3.58","3.58","4.09","4.09","4.09","","","","-0.5","-0.5","-0.5"
"708000","","","","4.35","4.35","4.35","3.46","3.46","3.46","4.07","4.07","4.07","","","","0.25","0.25","0.25"
"710000","","","","4.49","4.49","4.49","4.18","4.18","4.18","4.87","4.87","4.87","","","","-0.87","-0.87","-0.87"
"712000","","","","3.49","3.49","3.49","3.93","3.93","3.93","3.97","3.97","3.97","","","","0.71","0.71","0.71"
"714000","","","","3.76","3.76","3.76","3.34","3.34","3.34","4.4","4.4","4.4","","","","0.36","0.36","0.36"
"716000","","","","4.04","4.04","4.04","3.78","3.78","3.78","3.97","3.97","3.97","","","","-0.24","-0.24","-0.24"
"718000","","","","3.76","3.76","3.76","3.79","3.79","3.79","4.49","4.49","4.49","","","","-0.36","-0.36","-0.36"
"720000","","","","3.55","3.55","3.55","3.22","3.22","3.22","4.19","4.19","4.19","","","","-0.37","-0.37","-0.37"
"722000","","","","4.02","4.02","4.02","3.45","3.45","3.45","3.92","3.92","3.92","","","","-0.37","-0.37","-0.37"
"724000","","","","4.35","4.35","4.35","4.01","4.01","4.01","4.71","4.71","4.71","","","","-0.5","-0.5","-0.5"
"726000","","","","3.63","3.63","3.63","3.79","3.79","3.79","4","4","4","","","","-0.37","-0.37","-0.37"
"728000","","","","3.68","3.68","3.68","3.59","3.59","3.59","3.74","3.74","3.74","","","","-0.12","-0.12","-0.12"
"730000","","","","3.75","3.75","3.75","3.64","3.64","3.64","4.29","4.29","4.29","","","","-0.01","-0.01","-0.01"
"732000","","","","4.04","4.04","4.04","4.16","4.16","4.16","4.18","4.18","4.18","","","","-0.37","-0.37","-0.37"
"734000","","","","3.24","3.24","3.24","4.26","4.26","4.26","3.32","3.32","3.32","","","","-0.75","-0.75","-0.75"
"736000","","","","4.47","4.47","4.47","3.56","3.56","3.56","4.05","4.05","4.05","","","","-0.25","-0.25","-0.25"
"738000","","","","3.73","3.73","3.73","3.98","3.98","3.98","3.99","3.99","3.99","","","","0.11","0.11","0.11"
"740000","","","","4.11","4.11","4.11","3.55","3.55","3.55","4.31","4.31","4.31","","","","-0.62","-0.62","-0.62"
"742000","","","","4.17","4.17","4.17","4","4","4","4.31","4.31","4.31","","","","0.56","0.56","0.56"
"744000","","","","4.31","4.31","4.31","4.24","4.24","4.24","4.25","4.25","4.25","","","","-0.12","-0.12","-0.12"
"746000","","","","3.46","3.46","3.46","3.1","3.1","3.1","3.93","3.93","3.93","","","","-0.5","-0.5","-0.5"
"748000","","","","3.75","3.75","3.75","4.23","4.23","4.23","4.32","4.32","4.32","","","","0.35","0.35","0.35"
"750000","","","","4.44","4.44","4.44","3.99","3.99","3.99","3.41","3.41","3.41","","","","-0.12","-0.12","-0.12"
"752000","","","","4.36","4.36","4.36","3.64","3.64","3.64","4.29","4.29","4.29","","","","-0.5","-0.5","-0.5"
"754000","","","","3.45","3.45","3.45","4.03","4.03","4.03","4.08","4.08","4.08","","","","-0.75","-0.75","-0.75"
"756000","","","","4.1","4.1","4.1","4.14","4.14","4.14","4.09","4.09","4.09","","","","-0.87","-0.87","-0.87"
"758000","","","","4.42","4.42","4.42","3.28","3.28","3.28","4.28","4.28","4.28","","","","-0.25","-0.25","-0.25"
"760000","","","","4.53","4.53","4.53","3.79","3.79","3.79","4.38","4.38","4.38","","","","-0.37","-0.37","-0.37"
"762000","","","","4.17","4.17","4.17","3.66","3.66","3.66","4.28","4.28","4.28","","","","-0.48","-0.48","-0.48"
"764000","","","","4.05","4.05","4.05","4.32","4.32","4.32","4.28","4.28","4.28","","","","0","0","0"
"766000","","","","4.05","4.05","4.05","3.81","3.81","3.81","3.74","3.74","3.74","","","","-0.25","-0.25","-0.25"
"768000","","","","4.19","4.19","4.19","3.61","3.61","3.61","4.36","4.36","4.36","","","","-0.62","-0.62","-0.62"
"770000","","","","3.18","3.18","3.18","3.86","3.86","3.86","4.08","4.08","4.08","","","","-0.36","-0.36","-0.36"
"772000","","","","4.24","4.24","4.24","3.81","3.81","3.81","4.23","4.23","4.23","","","","-0.5","-0.5","-0.5"
"774000","","","","3.69","3.69","3.69","3.51","3.51","3.51","4.24","4.24","4.24","","","","-0.36","-0.36","-0.36"
"776000","","","","3.89","3.89","3.89","3.81","3.81","3.81","4.24","4.24","4.24","","","","-0.62","-0.62","-0.62"
"778000","","","","3.81","3.81","3.81","3.75","3.75","3.75","3.96","3.96","3.96","","","","0","0","0"
"780000","","","","4.94","4.94","4.94","3.71","3.71","3.71","4.47","4.47","4.47","","","","-0.12","-0.12","-0.12"
"782000","","","","4.13","4.13","4.13","2.93","2.93","2.93","4.47","4.47","4.47","","","","-0.25","-0.25","-0.25"
"784000","","","","3.9","3.9","3.9","3.11","3.11","3.11","3.85","3.85","3.85","","","","-0.33","-0.33","-0.33"
"786000","","","","4.74","4.74","4.74","3.46","3.46","3.46","4.62","4.62","4.62","","","","-0.25","-0.25","-0.25"
"788000","","","","4.21","4.21","4.21","3.91","3.91","3.91","4.15","4.15","4.15","","","","-0.37","-0.37","-0.37"
"790000","","","","4.9","4.9","4.9","3.4","3.4","3.4","4.23","4.23","4.23","","","","-0.62","-0.62","-0.62"
"792000","","","","4.58","4.58","4.58","3.61","3.61","3.61","4.12","4.12","4.12","","","","-0.25","-0.25","-0.25"
"794000","","","","4.21","4.21","4.21","3.43","3.43","3.43","4.64","4.64","4.64","","","","-0.5","-0.5","-0.5"
"796000","","","","3.64","3.64","3.64","4.21","4.21","4.21","4.37","4.37","4.37","","","","-0.5","-0.5","-0.5"
"798000","","","","4.21","4.21","4.21","3.76","3.76","3.76","4.52","4.52","4.52","","","","-0.25","-0.25","-0.25"
"800000","","","","4.67","4.67","4.67","3.77","3.77","3.77","4.14","4.14","4.14","","","","-0.5","-0.5","-0.5"
"802000","","","","3.82","3.82","3.82","3.77","3.77","3.77","4.2","4.2","4.2","","","","-0.5","-0.5","-0.5"
"804000","","","","4.26","4.26","4.26","3.56","3.56","3.56","4.67","4.67","4.67","","","","-0.5","-0.5","-0.5"
"806000","","","","3.78","3.78","3.78","3.5","3.5","3.5","4.22","4.22","4.22","","","","0","0","0"
"808000","","","","4.55","4.55","4.55","3.33","3.33","3.33","3.78","3.78","3.78","","","","-1","-1","-1"
"810000","","","","3.48","3.48","3.48","3.35","3.35","3.35","4.4","4.4","4.4","","","","0.13","0.13","0.13"
"812000","","","","3.98","3.98","3.98","3.79","3.79","3.79","4.17","4.17","4.17","","","","-0.5","-0.5","-0.5"
"814000","","","","3.49","3.49","3.49","4.3","4.3","4.3","4.55","4.55","4.55","","","","0","0","0"
"816000","","","","3.7","3.7","3.7","3.76","3.76","3.76","4.54","4.54","4.54","","","","0","0","0"
"818000","","","","3.93","3.93","3.93","3.29","3.29","3.29","4.78","4.78","4.78","","","","-0.75","-0.75","-0.75"
"820000","","","","3.43","3.43","3.43","3.8","3.8","3.8","4.35","4.35","4.35","","","","-0.16","-0.16","-0.16"
"822000","","","","4.48","4.48","4.48","3.81","3.81","3.81","4.45","4.45","4.45","","","","-0.25","-0.25","-0.25"
"824000","","","","3.94","3.94","3.94","4.13","4.13","4.13","4.38","4.38","4.38","","","","-0.24","-0.24","-0.24"
"826000","","","","4.07","4.07","4.07","3.58","3.58","3.58","3.94","3.94","3.94","","","","-0.2","-0.2","-0.2"
"828000","","","","4.68","4.68","4.68","4.19","4.19","4.19","3.68","3.68","3.68","","","","-0.5","-0.5","-0.5"
"830000","","","","4.15","4.15","4.15","4.07","4.07","4.07","4.08","4.08","4.08","","","","-0.62","-0.62","-0.62"
"832000","","","","3.95","3.95","3.95","3.86","3.86","3.86","4.36","4.36","4.36","","","","-0.5","-0.5","-0.5"
"834000","","","","4.12","4.12","4.12","3.89","3.89","3.89","4.34","4.34","4.34","","","","-0.62","-0.62","-0.62"
"836000","","","","4.63","4.63","4.63","3.85","3.85","3.85","4.5","4.5","4.5","","","","-0.37","-0.37","-0.37"
"838000","","","","4.05","4.05","4.05","3.63","3.63","3.63","4.25","4.25","4.25","","","","-0.87","-0.87","-0.87"
"840000","","","","3.83","3.83","3.83","4.11","4.11","4.11","4.14","4.14","4.14","","","","-0.87","-0.87","-0.87"
"842000","","","","4.72","4.72","4.72","2.89","2.89","2.89","4.18","4.18","4.18","","","","-0.5","-0.5","-0.5"
"844000","","","","4.44","4.44","4.44","3.87","3.87","3.87","4.5","4.5","4.5","","","","-0.62","-0.62","-0.62"
"846000","","","","3.7","3.7","3.7","4.38","4.38","4.38","4.42","4.42","4.42","","","","-0.37","-0.37","-0.37"
"848000","","","","4.48","4.48","4.48","2.95","2.95","2.95","4.41","4.41","4.41","","","","-0.36","-0.36","-0.36"
"850000","","","","4.52","4.52","4.52","4.28","4.28","4.28","3.78","3.78","3.78","","","","-0.62","-0.62","-0.62"
"852000","","","","4.53","4.53","4.53","3.21","3.21","3.21","4.41","4.41","4.41","","","","0","0","0"
"854000","","","","3.8","3.8","3.8","3.95","3.95","3.95","4.55","4.55","4.55","","","","-0.24","-0.24","-0.24"
"856000","","","","3.84","3.84","3.84","4.29","4.29","4.29","4.47","4.47","4.47","","","","-0.87","-0.87","-0.87"
"858000","","","","4.2","4.2","4.2","4.59","4.59","4.59","4.06","4.06","4.06","","","","-0.37","-0.37","-0.37"
"860000","","","","4.09","4.09","4.09","3.66","3.66","3.66","3.92","3.92","3.92","","","","-0.75","-0.75","-0.75"
"862000","","","","4.87","4.87","4.87","4.38","4.38","4.38","4.21","4.21","4.21","","","","-0.5","-0.5","-0.5"
"864000","","","","4.24","4.24","4.24","3.94","3.94","3.94","4.21","4.21","4.21","","","","-0.87","-0.87","-0.87"
"866000","","","","5.05","5.05","5.05","4.01","4.01","4.01","4.57","4.57","4.57","","","","-0.5","-0.5","-0.5"
"868000","","","","3.95","3.95","3.95","4.38","4.38","4.38","4.21","4.21","4.21","","","","-0.5","-0.5","-0.5"
"870000","","","","3.65","3.65","3.65","4.28","4.28","4.28","4.22","4.22","4.22","","","","-0.37","-0.37","-0.37"
"872000","","","","4.17","4.17","4.17","4.38","4.38","4.38","3.55","3.55","3.55","","","","-1","-1","-1"
"874000","","","","4.02","4.02","4.02","4.24","4.24","4.24","4.06","4.06","4.06","","","","-0.75","-0.75","-0.75"
"876000","","","","4.25","4.25","4.25","3.86","3.86","3.86","4.23","4.23","4.23","","","","0.13","0.13","0.13"
"878000","","","","4.64","4.64","4.64","4.2","4.2","4.2","3.81","3.81","3.81","","","","-0.5","-0.5","-0.5"
"880000","","","","3.96","3.96","3.96","4.43","4.43","4.43","3.8","3.8","3.8","","","","-0.62","-0.62","-0.62"
"882000","","","","4.88","4.88","4.88","3.83","3.83","3.83","4.18","4.18","4.18","","","","-0.5","-0.5","-0.5"
"884000","","","","4.01","4.01","4.01","4.3","4.3","4.3","4.16","4.16","4.16","","","","-0.25","-0.25","-0.25"
"886000","","","","4.3","4.3","4.3","4.43","4.43","4.43","4.16","4.16","4.16","","","","-0.37","-0.37","-0.37"
"888000","","","","4.44","4.44","4.44","4.52","4.52","4.52","3.72","3.72","3.72","","","","-0.37","-0.37","-0.37"
"890000","","","","3.83","3.83","3.83","4.32","4.32","4.32","4.42","4.42","4.42","","","","-0.62","-0.62","-0.62"
"892000","","","","4.55","4.55","4.55","4.3","4.3","4.3","4.62","4.62","4.62","","","","-0.37","-0.37","-0.37"
"894000","","","","4.12","4.12","4.12","4.31","4.31","4.31","3.79","3.79","3.79","","","","-0.5","-0.5","-0.5"
"896000","","","","3.77","3.77","3.77","4.08","4.08","4.08","4.5","4.5","4.5","","","","-0.37","-0.37","-0.37"
"898000","","","","4.39","4.39","4.39","4.32","4.32","4.32","4.05","4.05","4.05","","","","-0.75","-0.75","-0.75"
"900000","","","","3.67","3.67","3.67","3.76","3.76","3.76","4.65","4.65","4.65","","","","-0.62","-0.62","-0.62"
"902000","","","","4.48","4.48","4.48","4.08","4.08","4.08","2.77","2.77","2.77","","","","-0.13","-0.13","-0.13"
"904000","","","","3.99","3.99","3.99","4.26","4.26","4.26","3.98","3.98","3.98","","","","0.22","0.22","0.22"
"906000","","","","4.65","4.65","4.65","4.72","4.72","4.72","4.12","4.12","4.12","","","","-0.75","-0.75","-0.75"
"908000","","","","4.4","4.4","4.4","4.59","4.59","4.59","3.85","3.85","3.85","","","","-0.62","-0.62","-0.62"
"910000","","","","3.86","3.86","3.86","3.63","3.63","3.63","3.76","3.76","3.76","","","","0","0","0"
"912000","","","","3.52","3.52","3.52","4.39","4.39","4.39","4.65","4.65","4.65","","","","-0.25","-0.25","-0.25"
"914000","","","","4.75","4.75","4.75","4.44","4.44","4.44","3.95","3.95","3.95","","","","-0.12","-0.12","-0.12"
"916000","","","","4.22","4.22","4.22","4.07","4.07","4.07","3.98","3.98","3.98","","","","-0.87","-0.87","-0.87"
"918000","","","","3.86","3.86","3.86","4.95","4.95","4.95","3.85","3.85","3.85","","","","-0.62","-0.62","-0.62"
"920000","","","","3.69","3.69","3.69","4.32","4.32","4.32","3.76","3.76","3.76","","","","-0.62","-0.62","-0.62"
"922000","","","","4.57","4.57","4.57","4.16","4.16","4.16","3.98","3.98","3.98","","","","-0.37","-0.37","-0.37"
"924000","","","","4.32","4.32","4.32","4.14","4.14","4.14","4.03","4.03","4.03","","","","-0.37","-0.37","-0.37"
"926000","","","","4.23","4.23","4.23","4.59","4.59","4.59","4.61","4.61","4.61","","","","-0.87","-0.87","-0.87"
"928000","","","","4.83","4.83","4.83","4.09","4.09","4.09","4.13","4.13","4.13","","","","-0.62","-0.62","-0.62"
"930000","","","","4.39","4.39","4.39","3.69","3.69","3.69","4.04","4.04","4.04","","","","0","0","0"
"932000","","","","3.94","3.94","3.94","4.43","4.43","4.43","4.49","4.49","4.49","","","","0.25","0.25","0.25"
"934000","","","","4.65","4.65","4.65","3.99","3.99","3.99","4.03","4.03","4.03","","","","-0.25","-0.25","-0.25"
"936000","","","","3.71","3.71","3.71","4.05","4.05","4.05","4.26","4.26","4.26","","","","-0.5","-0.5","-0.5"
"938000","","","","4.9","4.9","4.9","4.56","4.56","4.56","4.22","4.22","4.22","","","","0","0","0"
"940000","","","","4.67","4.67","4.67","4.09","4.09","4.09","4.57","4.57","4.57","","","","-0.25","-0.25","-0.25"
"942000","","","","4.43","4.43","4.43","3.7","3.7","3.7","3.67","3.67","3.67","","","","0.1","0.1","0.1"
"944000","","","","4.45","4.45","4.45","4.1","4.1","4.1","3.46","3.46","3.46","","","","-0.37","-0.37","-0.37"
"946000","","","","4.53","4.53","4.53","3.78","3.78","3.78","3.82","3.82","3.82","","","","-0.12","-0.12","-0.12"
"948000","","","","4.84","4.84","4.84","4.09","4.09","4.09","4.05","4.05","4.05","","","","-0.75","-0.75","-0.75"
"950000","","","","4.26","4.26","4.26","3.88","3.88","3.88","4.51","4.51","4.51","","","","-0.37","-0.37","-0.37"
"952000","","","","4.61","4.61","4.61","4.9","4.9","4.9","4.44","4.44","4.44","","","","0.25","0.25","0.25"
"954000","","","","3.11","3.11","3.11","4.84","4.84","4.84","4.23","4.23","4.23","","","","-0.12","-0.12","-0.12"
"956000","","","","4.33","4.33","4.33","4.12","4.12","4.12","3.59","3.59","3.59","","","","-0.75","-0.75","-0.75"
"958000","","","","3.6","3.6","3.6","3.76","3.76","3.76","4.19","4.19","4.19","","","","-0.25","-0.25","-0.25"
"960000","","","","4.25","4.25","4.25","3.71","3.71","3.71","4.82","4.82","4.82","","","","-0.25","-0.25","-0.25"
"962000","","","","3.64","3.64","3.64","4.39","4.39","4.39","3.81","3.81","3.81","","","","-0.24","-0.24","-0.24"
"964000","","","","4.62","4.62","4.62","3.87","3.87","3.87","3.88","3.88","3.88","","","","-0.62","-0.62","-0.62"
"966000","","","","4.12","4.12","4.12","4","4","4","4.71","4.71","4.71","","","","-0.5","-0.5","-0.5"
"968000","","","","4.34","4.34","4.34","4.44","4.44","4.44","4.37","4.37","4.37","","","","-0.01","-0.01","-0.01"
"970000","","","","4.6","4.6","4.6","4.27","4.27","4.27","4.38","4.38","4.38","","","","-0.75","-0.75","-0.75"
"972000","","","","3.01","3.01","3.01","3.89","3.89","3.89","3.98","3.98","3.98","","","","-0.75","-0.75","-0.75"
"974000","","","","3.75","3.75","3.75","4.07","4.07","4.07","4.14","4.14","4.14","","","","-0.37","-0.37","-0.37"
"976000","","","","4.49","4.49","4.49","3.93","3.93","3.93","4.39","4.39","4.39","","","","-0.37","-0.37","-0.37"
"978000","","","","4.77","4.77","4.77","4.43","4.43","4.43","4.68","4.68","4.68","","","","-0.37","-0.37","-0.37"
"980000","","","","3.21","3.21","3.21","3.63","3.63","3.63","4.46","4.46","4.46","","","","0.25","0.25","0.25"
"982000","","","","3.66","3.66","3.66","3.22","3.22","3.22","4.9","4.9","4.9","","","","-0.45","-0.45","-0.45"
"984000","","","","4.26","4.26","4.26","3.53","3.53","3.53","4.57","4.57","4.57","","","","-0.37","-0.37","-0.37"
"986000","","","","4.09","4.09","4.09","3.47","3.47","3.47","4.51","4.51","4.51","","","","-0.12","-0.12","-0.12"
"988000","","","","4.33","4.33","4.33","3.6","3.6","3.6","4.16","4.16","4.16","","","","-0.12","-0.12","-0.12"
"990000","","","","3.4","3.4","3.4","4.15","4.15","4.15","3.61","3.61","3.61","","","","-0.12","-0.12","-0.12"
"992000","","","","4.07","4.07","4.07","4.22","4.22","4.22","4.79","4.79","4.79","","","","-0.5","-0.5","-0.5"
"994000","","","","4.72","4.72","4.72","3.55","3.55","3.55","4.05","4.05","4.05","","","","0.25","0.25","0.25"
"996000","","","","4.12","4.12","4.12","3.57","3.57","3.57","4.32","4.32","4.32","","","","0","0","0"
"998000","","","","3.31","3.31","3.31","4.83","4.83","4.83","4.24","4.24","4.24","","","","-0.37","-0.37","-0.37"
"1000000","","","","4.31","4.31","4.31","4.45","4.45","4.45","4.4","4.4","4.4","","","","-0.87","-0.87","-0.87"
"1002000","","","","4.15","4.15","4.15","4.73","4.73","4.73","","","","","","","","",""
"1004000","","","","3.9","3.9","3.9","4.53","4.53","4.53","","","","","","","","",""
"1006000","","","","4.37","4.37","4.37","4.71","4.71","4.71","","","","","","","","",""
"1008000","","","","3.12","3.12","3.12","4.6","4.6","4.6","","","","","","","","",""
"1010000","","","","4.22","4.22","4.22","4.58","4.58","4.58","","","","","","","","",""
"1012000","","","","3.99","3.99","3.99","4.57","4.57","4.57","","","","","","","","",""
"1014000","","","","3.81","3.81","3.81","4.18","4.18","4.18","","","","","","","","",""
"1016000","","","","3.93","3.93","3.93","4.6","4.6","4.6","","","","","","","","",""
"1018000","","","","4.52","4.52","4.52","4.3","4.3","4.3","","","","","","","","",""
"1020000","","","","4.8","4.8","4.8","4.64","4.64","4.64","","","","","","","","",""
"1022000","","","","4.1","4.1","4.1","4.56","4.56","4.56","","","","","","","","",""
"1024000","","","","4.16","4.16","4.16","4.17","4.17","4.17","","","","","","","","",""
"1026000","","","","4.25","4.25","4.25","4.66","4.66","4.66","","","","","","","","",""
"1028000","","","","3.59","3.59","3.59","4.33","4.33","4.33","","","","","","","","",""
"1030000","","","","4.04","4.04","4.04","4.38","4.38","4.38","","","","","","","","",""
"1032000","","","","3.7","3.7","3.7","4.48","4.48","4.48","","","","","","","","",""
"1034000","","","","4.84","4.84","4.84","4.9","4.9","4.9","","","","","","","","",""
"1036000","","","","3.79","3.79","3.79","3.49","3.49","3.49","","","","","","","","",""
"1038000","","","","3.17","3.17","3.17","4.21","4.21","4.21","","","","","","","","",""
"1040000","","","","3.86","3.86","3.86","4.41","4.41","4.41","","","","","","","","",""
"1042000","","","","4.07","4.07","4.07","4.29","4.29","4.29","","","","","","","","",""
"1044000","","","","3.93","3.93","3.93","4.47","4.47","4.47","","","","","","","","",""
"1046000","","","","4.67","4.67","4.67","4.11","4.11","4.11","","","","","","","","",""
"1048000","","","","3.57","3.57","3.57","3.58","3.58","3.58","","","","","","","","",""
"1050000","","","","4.6","4.6","4.6","4.23","4.23","4.23","","","","","","","","",""
"1052000","","","","3.71","3.71","3.71","4.2","4.2","4.2","","","","","","","","",""
"1054000","","","","3.34","3.34","3.34","3.85","3.85","3.85","","","","","","","","",""
"1056000","","","","4.04","4.04","4.04","4.53","4.53","4.53","","","","","","","","",""
"1058000","","","","4.17","4.17","4.17","4.68","4.68","4.68","","","","","","","","",""
"1060000","","","","4.1","4.1","4.1","4.32","4.32","4.32","","","","","","","","",""
"1062000","","","","4.1","4.1","4.1","4.12","4.12","4.12","","","","","","","","",""
"1064000","","","","4.27","4.27","4.27","3.84","3.84","3.84","","","","","","","","",""
"1066000","","","","3.69","3.69","3.69","4.68","4.68","4.68","","","","","","","","",""
"1068000","","","","4.12","4.12","4.12","4.02","4.02","4.02","","","","","","","","",""
"1070000","","","","4.43","4.43","4.43","4.66","4.66","4.66","","","","","","","","",""
"1072000","","","","3.95","3.95","3.95","4.78","4.78","4.78","","","","","","","","",""
"1074000","","","","3.87","3.87","3.87","4.3","4.3","4.3","","","","","","","","",""
"1076000","","","","4.59","4.59","4.59","4.63","4.63","4.63","","","","","","","","",""
"1078000","","","","3.96","3.96","3.96","4.94","4.94","4.94","","","","","","","","",""
"1080000","","","","3.93","3.93","3.93","4.68","4.68","4.68","","","","","","","","",""
"1082000","","","","4.33","4.33","4.33","4.66","4.66","4.66","","","","","","","","",""
"1084000","","","","4.65","4.65","4.65","4.22","4.22","4.22","","","","","","","","",""
"1086000","","","","5","5","5","4.52","4.52","4.52","","","","","","","","",""
"1088000","","","","4.71","4.71","4.71","4.02","4.02","4.02","","","","","","","","",""
"1090000","","","","3.65","3.65","3.65","3.93","3.93","3.93","","","","","","","","",""
"1092000","","","","4.27","4.27","4.27","4.31","4.31","4.31","","","","","","","","",""
"1094000","","","","4.01","4.01","4.01","4.07","4.07","4.07","","","","","","","","",""
"1096000","","","","3.45","3.45","3.45","4.25","4.25","4.25","","","","","","","","",""
"1098000","","","","4.35","4.35","4.35","4","4","4","","","","","","","","",""
"1100000","","","","4.89","4.89","4.89","4.68","4.68","4.68","","","","","","","","",""
"1102000","","","","3.16","3.16","3.16","3.28","3.28","3.28","","","","","","","","",""
"1104000","","","","4.4","4.4","4.4","3.75","3.75","3.75","","","","","","","","",""
"1106000","","","","3.71","3.71","3.71","4.06","4.06","4.06","","","","","","","","",""
"1108000","","","","4","4","4","4.75","4.75","4.75","","","","","","","","",""
"1110000","","","","4.67","4.67","4.67","4.54","4.54","4.54","","","","","","","","",""
"1112000","","","","3.39","3.39","3.39","4.77","4.77","4.77","","","","","","","","",""
"1114000","","","","4.47","4.47","4.47","4.76","4.76","4.76","","","","","","","","",""
"1116000","","","","3.57","3.57","3.57","3.93","3.93","3.93","","","","","","","","",""
"1118000","","","","3.85","3.85","3.85","4.18","4.18","4.18","","","","","","","","",""
"1120000","","","","4.3","4.3","4.3","4.41","4.41","4.41","","","","","","","","",""
"1122000","","","","3.97","3.97","3.97","4.18","4.18","4.18","","","","","","","","",""
"1124000","","","","3.3","3.3","3.3","4.6","4.6","4.6","","","","","","","","",""
"1126000","","","","3.93","3.93","3.93","4.58","4.58","4.58","","","","","","","","",""
"1128000","","","","4.44","4.44","4.44","4.22","4.22","4.22","","","","","","","","",""
"1130000","","","","4.42","4.42","4.42","4.87","4.87","4.87","","","","","","","","",""
"1132000","","","","3","3","3","4.22","4.22","4.22","","","","","","","","",""
"1134000","","","","4.41","4.41","4.41","4.69","4.69","4.69","","","","","","","","",""
"1136000","","","","4.23","4.23","4.23","4.46","4.46","4.46","","","","","","","","",""
"1138000","","","","3.55","3.55","3.55","4.89","4.89","4.89","","","","","","","","",""
"1140000","","","","4.16","4.16","4.16","4.9","4.9","4.9","","","","","","","","",""
"1142000","","","","4.24","4.24","4.24","4.69","4.69","4.69","","","","","","","","",""
"1144000","","","","3.7","3.7","3.7","4.83","4.83","4.83","","","","","","","","",""
"1146000","","","","3.38","3.38","3.38","4.09","4.09","4.09","","","","","","","","",""
"1148000","","","","3.94","3.94","3.94","4.73","4.73","4.73","","","","","","","","",""
"1150000","","","","4.23","4.23","4.23","4.6","4.6","4.6","","","","","","","","",""
"1152000","","","","4","4","4","4.67","4.67","4.67","","","","","","","","",""
"1154000","","","","4.36","4.36","4.36","4.31","4.31","4.31","","","","","","","","",""
"1156000","","","","3.45","3.45","3.45","4.7","4.7","4.7","","","","","","","","",""
"1158000","","","","4.23","4.23","4.23","4.21","4.21","4.21","","","","","","","","",""
"1160000","","","","3.77","3.77","3.77","3.87","3.87","3.87","","","","","","","","",""
"1162000","","","","3.5","3.5","3.5","4.75","4.75","4.75","","","","","","","","",""
"1164000","","","","3.36","3.36","3.36","4.05","4.05","4.05","","","","","","","","",""
"1166000","","","","3.94","3.94","3.94","3.91","3.91","3.91","","","","","","","","",""
"1168000","","","","4.37","4.37","4.37","4.23","4.23","4.23","","","","","","","","",""
"1170000","","","","3.57","3.57","3.57","4.31","4.31","4.31","","","","","","","","",""
"1172000","","","","4.72","4.72","4.72","4.55","4.55","4.55","","","","","","","","",""
"1174000","","","","3.78","3.78","3.78","4.65","4.65","4.65","","","","","","","","",""
"1176000","","","","3.38","3.38","3.38","4.42","4.42","4.42","","","","","","","","",""
"1178000","","","","3.8","3.8","3.8","4.89","4.89","4.89","","","","","","","","",""
"1180000","","","","3.94","3.94","3.94","4.12","4.12","4.12","","","","","","","","",""
"1182000","","","","4.42","4.42","4.42","4.72","4.72","4.72","","","","","","","","",""
"1184000","","","","3.44","3.44","3.44","4.43","4.43","4.43","","","","","","","","",""
"1186000","","","","4.09","4.09","4.09","4.57","4.57","4.57","","","","","","","","",""
"1188000","","","","4.55","4.55","4.55","4.53","4.53","4.53","","","","","","","","",""
"1190000","","","","4.47","4.47","4.47","4.21","4.21","4.21","","","","","","","","",""
"1192000","","","","4.11","4.11","4.11","3.91","3.91","3.91","","","","","","","","",""
"1194000","","","","3.7","3.7","3.7","4.67","4.67","4.67","","","","","","","","",""
"1196000","","","","3.91","3.91","3.91","5","5","5","","","","","","","","",""
"1198000","","","","3.89","3.89","3.89","4.62","4.62","4.62","","","","","","","","",""
"1200000","","","","4.43","4.43","4.43","4.67","4.67","4.67","","","","","","","","",""
"1202000","","","","3.99","3.99","3.99","4.14","4.14","4.14","","","","","","","","",""
"1204000","","","","3.77","3.77","3.77","4.67","4.67","4.67","","","","","","","","",""
"1206000","","","","4.37","4.37","4.37","4.23","4.23","4.23","","","","","","","","",""
"1208000","","","","4.02","4.02","4.02","4.12","4.12","4.12","","","","","","","","",""
"1210000","","","","4.01","4.01","4.01","4.48","4.48","4.48","","","","","","","","",""
"1212000","","","","4.92","4.92","4.92","4.26","4.26","4.26","","","","","","","","",""
"1214000","","","","4.43","4.43","4.43","4.2","4.2","4.2","","","","","","","","",""
"1216000","","","","3.12","3.12","3.12","4.51","4.51","4.51","","","","","","","","",""
"1218000","","","","4.41","4.41","4.41","4.23","4.23","4.23","","","","","","","","",""
"1220000","","","","4.48","4.48","4.48","4.15","4.15","4.15","","","","","","","","",""
"1222000","","","","4.12","4.12","4.12","4.24","4.24","4.24","","","","","","","","",""
"1224000","","","","4.11","4.11","4.11","3.85","3.85","3.85","","","","","","","","",""
"1226000","","","","3.94","3.94","3.94","4.03","4.03","4.03","","","","","","","","",""
"1228000","","","","3.45","3.45","3.45","4.15","4.15","4.15","","","","","","","","",""
"1230000","","","","4","4","4","4.36","4.36","4.36","","","","","","","","",""
"1232000","","","","3.33","3.33","3.33","4.59","4.59","4.59","","","","","","","","",""
"1234000","","","","4.39","4.39","4.39","4.21","4.21","4.21","","","","","","","","",""
"1236000","","","","4.14","4.14","4.14","4.35","4.35","4.35","","","","","","","","",""
"1238000","","","","5.1","5.1","5.1","4.27","4.27","4.27","","","","","","","","",""
"1240000","","","","4.05","4.05","4.05","4.73","4.73","4.73","","","","","","","","",""
"1242000","","","","4.13","4.13","4.13","4.41","4.41","4.41","","","","","","","","",""
"1244000","","","","4.61","4.61","4.61","4.31","4.31","4.31","","","","","","","","",""
"1246000","","","","3.87","3.87","3.87","4.83","4.83","4.83","","","","","","","","",""
"1248000","","","","2.91","2.91","2.91","4.18","4.18","4.18","","","","","","","","",""
"1250000","","","","4.32","4.32","4.32","4.54","4.54","4.54","","","","","","","","",""
"1252000","","","","3.8","3.8","3.8","4.02","4.02","4.02","","","","","","","","",""
"1254000","","","","4.14","4.14","4.14","4.55","4.55","4.55","","","","","","","","",""
"1256000","","","","3.57","3.57","3.57","4.21","4.21","4.21","","","","","","","","",""
"1258000","","","","4.12","4.12","4.12","4.42","4.42","4.42","","","","","","","","",""
"1260000","","","","4.48","4.48","4.48","4.85","4.85","4.85","","","","","","","","",""
"1262000","","","","4.13","4.13","4.13","4.48","4.48","4.48","","","","","","","","",""
"1264000","","","","4.37","4.37","4.37","4.86","4.86","4.86","","","","","","","","",""
"1266000","","","","3.78","3.78","3.78","4.14","4.14","4.14","","","","","","","","",""
"1268000","","","","3.81","3.81","3.81","4.4","4.4","4.4","","","","","","","","",""
"1270000","","","","3.5","3.5","3.5","4.02","4.02","4.02","","","","","","","","",""
"1272000","","","","3.9","3.9","3.9","4.76","4.76","4.76","","","","","","","","",""
"1274000","","","","3.36","3.36","3.36","4.56","4.56","4.56","","","","","","","","",""
"1276000","","","","3.2","3.2","3.2","4.58","4.58","4.58","","","","","","","","",""
"1278000","","","","4.39","4.39","4.39","3.84","3.84","3.84","","","","","","","","",""
"1280000","","","","4.06","4.06","4.06","4.7","4.7","4.7","","","","","","","","",""
"1282000","","","","3.7","3.7","3.7","4.08","4.08","4.08","","","","","","","","",""
"1284000","","","","3.28","3.28","3.28","3.78","3.78","3.78","","","","","","","","",""
"1286000","","","","3.35","3.35","3.35","4.82","4.82","4.82","","","","","","","","",""
"1288000","","","","3.62","3.62","3.62","3.44","3.44","3.44","","","","","","","","",""
"1290000","","","","3.84","3.84","3.84","4.2","4.2","4.2","","","","","","","","",""
"1292000","","","","3.67","3.67","3.67","4.29","4.29","4.29","","","","","","","","",""
"1294000","","","","3.86","3.86","3.86","4.46","4.46","4.46","","","","","","","","",""
"1296000","","","","3.78","3.78","3.78","4.05","4.05","4.05","","","","","","","","",""
"1298000","","","","4.05","4.05","4.05","4.31","4.31","4.31","","","","","","","","",""
"1300000","","","","4.11","4.11","4.11","4.62","4.62","4.62","","","","","","","","",""
"1302000","","","","4.57","4.57","4.57","4.59","4.59","4.59","","","","","","","","",""
"1304000","","","","","","","4.66","4.66","4.66","","","","","","","","",""
"1306000","","","","","","","4.3","4.3","4.3","","","","","","","","",""
"1308000","","","","","","","4.7","4.7","4.7","","","","","","","","",""
"1310000","","","","","","","4.45","4.45","4.45","","","","","","","","",""
"1312000","","","","","","","4.55","4.55","4.55","","","","","","","","",""
"1314000","","","","","","","4.46","4.46","4.46","","","","","","","","",""
"1316000","","","","","","","4.68","4.68","4.68","","","","","","","","",""
"1318000","","","","","","","4.89","4.89","4.89","","","","","","","","",""
"1320000","","","","","","","4.74","4.74","4.74","","","","","","","","",""
"1322000","","","","","","","3.52","3.52","3.52","","","","","","","","",""
"1324000","","","","","","","4.4","4.4","4.4","","","","","","","","",""
"1326000","","","","","","","4.9","4.9","4.9","","","","","","","","",""
"1328000","","","","","","","4.58","4.58","4.58","","","","","","","","",""
"1330000","","","","","","","4.5","4.5","4.5","","","","","","","","",""
"1332000","","","","","","","4.27","4.27","4.27","","","","","","","","",""
"1334000","","","","","","","4.32","4.32","4.32","","","","","","","","",""
"1336000","","","","","","","4.65","4.65","4.65","","","","","","","","",""
"1338000","","","","","","","4.48","4.48","4.48","","","","","","","","",""
"1340000","","","","","","","4.24","4.24","4.24","","","","","","","","",""
"1342000","","","","","","","4.3","4.3","4.3","","","","","","","","",""
"1344000","","","","","","","4.38","4.38","4.38","","","","","","","","",""
"1346000","","","","","","","4.28","4.28","4.28","","","","","","","","",""
"1348000","","","","","","","4.43","4.43","4.43","","","","","","","","",""
"1350000","","","","","","","4.48","4.48","4.48","","","","","","","","",""
"1352000","","","","","","","4.53","4.53","4.53","","","","","","","","",""
"1354000","","","","","","","4.69","4.69","4.69","","","","","","","","",""
"1356000","","","","","","","4.55","4.55","4.55","","","","","","","","",""
"1358000","","","","","","","4.4","4.4","4.4","","","","","","","","",""
"1360000","","","","","","","4.27","4.27","4.27","","","","","","","","",""
"1362000","","","","","","","3.21","3.21","3.21","","","","","","","","",""
"1364000","","","","","","","4.06","4.06","4.06","","","","","","","","",""
"1366000","","","","","","","4.41","4.41","4.41","","","","","","","","",""
"1368000","","","","","","","4.59","4.59","4.59","","","","","","","","",""
"1370000","","","","","","","4.32","4.32","4.32","","","","","","","","",""
"1372000","","","","","","","4.65","4.65","4.65","","","","","","","","",""
"1374000","","","","","","","4.87","4.87","4.87","","","","","","","","",""
"1376000","","","","","","","4.48","4.48","4.48","","","","","","","","",""
"1378000","","","","","","","4.12","4.12","4.12","","","","","","","","",""
"1380000","","","","","","","4.18","4.18","4.18","","","","","","","","",""
"1382000","","","","","","","4.71","4.71","4.71","","","","","","","","",""
"1384000","","","","","","","4.8","4.8","4.8","","","","","","","","",""
"1386000","","","","","","","4.89","4.89","4.89","","","","","","","","",""
"1388000","","","","","","","4.47","4.47","4.47","","","","","","","","",""
"1390000","","","","","","","4.43","4.43","4.43","","","","","","","","",""
"1392000","","","","","","","4.49","4.49","4.49","","","","","","","","",""
"1394000","","","","","","","4.46","4.46","4.46","","","","","","","","",""
"1396000","","","","","","","4.44","4.44","4.44","","","","","","","","",""
"1398000","","","","","","","3.68","3.68","3.68","","","","","","","","",""
"1400000","","","","","","","4.34","4.34","4.34","","","","","","","","",""
"1402000","","","","","","","4.52","4.52","4.52","","","","","","","","",""
"1404000","","","","","","","4.52","4.52","4.52","","","","","","","","",""
"1406000","","","","","","","4.27","4.27","4.27","","","","","","","","",""
"1408000","","","","","","","4.61","4.61","4.61","","","","","","","","",""
"1410000","","","","","","","4.3","4.3","4.3","","","","","","","","",""
"1412000","","","","","","","3.64","3.64","3.64","","","","","","","","",""
"1414000","","","","","","","4.54","4.54","4.54","","","","","","","","",""
"1416000","","","","","","","4.44","4.44","4.44","","","","","","","","",""
"1418000","","","","","","","4.51","4.51","4.51","","","","","","","","",""
"1420000","","","","","","","4.15","4.15","4.15","","","","","","","","",""
"1422000","","","","","","","4.57","4.57","4.57","","","","","","","","",""
"1424000","","","","","","","4.18","4.18","4.18","","","","","","","","",""
"1426000","","","","","","","4.83","4.83","4.83","","","","","","","","",""
"1428000","","","","","","","4.37","4.37","4.37","","","","","","","","",""
"1430000","","","","","","","4.86","4.86","4.86","","","","","","","","",""
"1432000","","","","","","","4.67","4.67","4.67","","","","","","","","",""